{
  "data": [{
    "sourcePosition": [114.262813, 22.337706],
    "targetPosition": [114.263518, 22.337314]
  }]
}
